{
    "root_group": {
        "groups": {},
        "checks": {},
        "name": "",
        "path": "",
        "id": "d41d8cd98f00b204e9800998ecf8427e"
    },
    "metrics": {
        "http_reqs": {
            "count": 100,
            "rate": 9.886388001816249
        },
        "http_req_receiving": {
            "min": 0,
            "med": 0,
            "max": 9.981,
            "p(90)": 0.08464000000000073,
            "p(95)": 0.5079349999999999,
            "p(99)": 9.981,
            "avg": 0.241732
        },
        "http_req_tls_handshaking": {
            "avg": 0,
            "min": 0,
            "med": 0,
            "max": 0,
            "p(90)": 0,
            "p(95)": 0,
            "p(99)": 0
        },
        "http_req_waiting": {
            "p(99)": 5.9857,
            "avg": 2.8614519999999986,
            "min": 0,
            "med": 2.6342,
            "max": 5.9857,
            "p(90)": 5.028500000000001,
            "p(95)": 5.7545
        },
        "vus": {
            "max": 10,
            "value": 10,
            "min": 10
        },
        "http_req_sending": {
            "max": 0.5884,
            "p(90)": 0,
            "p(95)": 0,
            "p(99)": 0.4203970000000009,
            "avg": 0.015389000000000002,
            "min": 0,
            "med": 0
        },
        "http_req_duration": {
            "min": 0,
            "med": 2.99395,
            "max": 12.9758,
            "p(90)": 5.257520000000001,
            "p(95)": 5.7545,
            "p(99)": 12.393284000000003,
            "avg": 3.1185729999999983
        },
        "iterations": {
            "rate": 9.886388001816249,
            "count": 100
        },
        "http_req_failed": {
            "passes": 0,
            "fails": 100,
            "value": 0
        },
        "http_req_blocked": {
            "avg": 0.7527710000000001,
            "min": 0,
            "med": 0,
            "max": 7.5164,
            "p(90)": 0.8534300000000631,
            "p(95)": 7.5164,
            "p(99)": 7.5164
        },
        "data_received": {
            "count": 23000,
            "rate": 2273.8692404177373
        },
        "vus_max": {
            "value": 10,
            "min": 10,
            "max": 10
        },
        "iteration_duration": {
            "p(90)": 1013.813,
            "p(95)": 1014.339195,
            "p(99)": 1023.8512,
            "avg": 1010.3765850000002,
            "min": 1002.4,
            "med": 1011.74365,
            "max": 1023.8512
        },
        "http_req_duration{expected_response:true}": {
            "min": 0,
            "med": 2.99395,
            "max": 12.9758,
            "p(90)": 5.257520000000001,
            "p(95)": 5.7545,
            "p(99)": 12.393284000000003,
            "avg": 3.1185729999999983
        },
        "data_sent": {
            "count": 8400,
            "rate": 830.4565921525648
        },
        "http_req_connecting": {
            "avg": 0.052559999999999996,
            "min": 0,
            "med": 0,
            "max": 0.5256,
            "p(90)": 0.05256000000000448,
            "p(95)": 0.5256,
            "p(99)": 0.5256
        }
    }
}